<application>
  <component name="Trusted.Paths">
    <option name="TRUSTED_PROJECT_PATHS">
      <map>
        <entry key="C:\Users\Vitale\Documents\Workplace\microservicos-java-spring-rabbitmq-docker\proposta-app" value="true" />
        <entry key="C:\Users\Vitale\Documents\Workplace\microsservicos-springboot-kafka-docker" value="true" />
        <entry key="C:\Users\Vitale\Documents\Workplace\microsservicos-springboot-kafka-docker\inventory-service" value="true" />
        <entry key="C:\Users\Vitale\Documents\Workplace\microsservicos-springboot-kafka-docker\orchestrator-service" value="true" />
        <entry key="C:\Users\Vitale\Documents\Workplace\microsservicos-springboot-kafka-docker\order-service" value="true" />
        <entry key="C:\Users\Vitale\Documents\Workplace\microsservicos-springboot-kafka-docker\payment-service" value="true" />
        <entry key="C:\Users\Vitale\Documents\Workplace\microsservicos-springboot-kafka-docker\product-validation-service" value="true" />
        <entry key="C:\Users\Vitale\Documents\Workplace\rest-api-springboot-erudio\rest-api-springboot-erudio" value="true" />
      </map>
    </option>
  </component>
  <component name="Trusted.Paths.Settings">
    <option name="TRUSTED_PATHS">
      <list>
        <option value="C:\Users\Vitale\Documents\Workplace" />
      </list>
    </option>
  </component>
</application>