<application>
  <component name="DimensionService">
    <size key="GridCell.Tab.0.left.0.0.1920.1080@120dpi" width="1818" height="284" />
    <size key="GridCell.Tab.0.center.0.0.1920.1080@120dpi" width="1818" height="284" />
    <size key="GridCell.Tab.0.right.0.0.1920.1080@120dpi" width="1818" height="284" />
    <size key="GridCell.Tab.0.bottom.0.0.1920.1080@120dpi" width="1818" height="284" />
    <size key="GridCell.Tab.1.left.0.0.1920.1080@120dpi" width="1818" height="284" />
    <size key="GridCell.Tab.1.center.0.0.1920.1080@120dpi" width="1818" height="284" />
    <size key="GridCell.Tab.1.right.0.0.1920.1080@120dpi" width="1818" height="284" />
    <size key="GridCell.Tab.1.bottom.0.0.1920.1080@120dpi" width="1818" height="284" />
    <size key="GridCell.Tab.0.left.-1366.61.1366.768" width="1284" height="228" />
    <size key="GridCell.Tab.0.center.-1366.61.1366.768" width="1284" height="228" />
    <size key="GridCell.Tab.0.right.-1366.61.1366.768" width="1284" height="228" />
    <size key="GridCell.Tab.0.bottom.-1366.61.1366.768" width="1284" height="228" />
  </component>
  <component name="WindowManager">
    <frame x="-10" y="-10" width="1933" height="1033" />
  </component>
  <component name="WindowStateApplicationService">
    <state width="644" height="127" key="ShowUsagesActions.dimensionServiceKey" timestamp="1745433995885">
      <screen x="0" y="0" width="1536" height="816" />
    </state>
    <state width="644" height="127" key="ShowUsagesActions.dimensionServiceKey/0.0.1536.816/-1366.61.1366.720" timestamp="1745433995885" />
  </component>
</application>